review,label
写在年末冬初孩子流感的第五天我们仍然没有忘记热情拥抱这年的第一天带着一丝迷信早晨给孩子穿上红色的羽绒服羽绒裤祈祷新的一年孩子们身体康健仍然会有一丝焦虑焦虑我的孩子为什么会过早的懂事从两岁多开始关注我的情绪会深沉地说妈妈你终于笑了这句话像刀子一样扎入我展开全文,0
开年大模型累到以为自己发烧了腰疼膝盖疼腿疼胳膊疼脖子疼,-1
邱晨这就是我爹爹发烧快好毕竟美好的假期拿来养病不太好假期还是要好好享受快乐爹新年快乐发烧好了就去浪吧快快乐乐的度过这个美好假期说不定以后就没有了嗷邱晨虫仔泉州泉州理工学院,1
新年的第一天感冒又发烧的也太衰了但是我要想着明天一定会好的,1
问我们意念里有坏的想法了天神就会给记下来那如果有好的想法也会被记下来吗答那当然了有坏的想法天神会记叫头上三尺有神灵明白那么地府的官也会记如果你坏得不是太厉害的意念你只要在五分钟当中或者在一分钟两分钟三分钟当中不要让这个坏的意念长存它可能就没了下面展开全文,1
发高烧反反复复眼睛都快睁不开了今天室友带我去看还在发烧中建议我输液我拒绝了给我打针你今天吃东西了吗没有那你觉得不舒服要给我说哦好我室友不忍心看我的惨状背过身去医生好了吗没有医生好了吗还没有我室友展开全文,-1
明天考试今天发烧跨年给我跨坏了兰州兰州交通大学,-1
每个娃都是有故事的娃每个大人也是有故事的大人小枇杷有茶有手法静待每个有需求的大人和孩子的到来这几天在武汉专业手法课的学员阿敏专程过来告诉我们说很喜欢这样的解决问题的感觉她最近用体侧线手法给好多流感的娃调了很有效枇杷说你可以开始记展开全文,0
我真的服了昨天去和她说自己不舒服描述了症状她说啊你这不是感冒没有发烧没事的晚上一回寝就发现发烧了叫了老师打算送她去医院去完医院回我家又在那和我争谁去自己也不坚定到底要谁去什么要不然我心里过意不去最后还是值周老师说这些小孩比你厉害才让我去到医院一量都了好在展开全文,-1
新年第一天为自己鼓掌发烧了也要来看线下演出因为热爱所以才会克服困难线上演出太炸了爱呼兰爱赵晓卉长这么大第一次这么近距离看到明星哈哈哈哈新的一年希望自己更要勇敢更要坚强坚持自己坚持自己思想坚持内心想法最后新展开全文,1
一个人在外就对自己好一点吧一个人过生日应该没什么尴尬的吧今年的惊喜来自东哥第一天就发烧真的有点顶,-1
年的第一天发烧姨妈来难受,-1
魔幻第一天感冒发烧躺了一天哪儿都没有去梦乡一日游上海,-1
哎新年第一天发烧感冒也是够够的头都没开好希望新的一年顺顺利利的,1
在家的时候发烧还会坚持上网上学的时候打个喷嚏都会觉得是癌症晚期,-1
现在是北京时间点分我发了一个晚上的烧难受死了去给自己弄个冷毛巾吧哇第一次发烧发得这么厉害我快死了不要祭奠我行了朋友们我已经灭绝了眼睛都睁不开了现在睡吧晚安分享单曲电影这个杀手不太冷片尾曲网易云音乐,-1
第一天就发烧今年怕是可以过呢红红火火了芒市,1
新年第一天在发烧当中过去了,0
第一天就发烧很丧,-1
他们年少相识一起成长一起出道互相照顾经历了我看不到的岁月和曲折发烧感冒不是你第一时间知道快乐喜悦不是和你第一时间分享我算什么你又算什么有什么资格去点评他们的感情,1
可怜的大宝今天咳嗽发烧还被我训被我打为什么要乱扔东西呢为什么要打人呢妈妈骂你打你但是也很心疼你希望你明天病情好转妈妈好担心你榆林府谷县,1
李汶翰青春有你第一位出道全能舞台王者李汶翰全能李汶翰舞台王者李汶翰热心公益李汶翰小动物呵护者李汶翰篮球发烧友李汶翰游泳健儿期待李汶翰李汶翰评论配图,0
打喷嚏咳嗽不捂住猪嘴的祝你发烧感冒到,-1
晚上回家阿姨告知苗小苗发烧了去了医院验血嗓子和肺都没事血象有点高开了头孢我们等候之余还去看了月亮,0
我太难了又喉咙痛小发烧还要准备三个考试还都是闭卷考还都那么难,-1
感冒发烧不想吃药打针那你就挺着别说难受啊饿了想吃不会做饭那你就泡面安慰自己啊下雨打雷在外没伞挨,-1
努力不值得一提大家都不要努力了你觉得努力不值得一提你自己不努力就好买什么热搜啊要全民都跟你一起不努力吗杜江侦察记你跟那种我发烧不想让人知道然后买了热搜一跟全世界宣告有什么区别喊了那么久越努力越幸运的人感到被冒犯了,0
月号第一次小发烧希望今年平平安安健健康康快快乐乐石家庄河北科技大学,1
今天一岁三个月了可是感冒发烧好几天了,0
我真是不知道年我会发生什么至少开头这俩天真是够刺激孩子晚上发烧烧到惊厥抽搐傻笑手都不会动了我真是从未有过的害怕当时真是穿衣服的力气都没有了有了孩子真的要经历的还有很多,-1
我十年没有打针了十年没有打针了太疼了疼比输液难受多了不会了不会了不会再发烧打针了,-1
真是开门红啊今天听到一个好消息除夕和春节不放假我要在单位过年下乡守岁了艹最后一天还中招甲流和急性咽炎发烧度真是我要在急诊室跨年了,-1
细菌性结膜炎发烧年的第一天班竟然以带娃开启这节奏让人瑟瑟发抖小肥妹的生活的微博视频,-1
出去玩儿的最后几天太累了回来又发烧现在要继续打卡啦为雀做的最大改变之前其实不能理解追星的姐妹因为一个不是现生中亲近的人开心难过欢笑流泪喜欢上雀雀之后一切都明白了会因为有好的成绩开心尖叫也会因为雀受伤难过哭泣更多的时候是想到雀就感到温暖展开全文,0
求安利好喝的泡茶好物柠檬片和水果干料包总喝着苦感冒了没发烧一天二十个喷嚏少不了顺口溜也很难编胡诌几句别嫌少不吃药真的又惨又爽,-1
感觉自己在发烧脑袋好疼又没有温度计也莫得药明天还要考试太难了,-1
预告伪装学渣谢俞这个小朋友长得有点壮啊拍完就感冒发烧躺着再也不敢挑战冬天的早晨了开空调也不管用我尽力了毕竟上了年纪啊小声,0
好久没发烧的我昨天夜班居然发烧了烧的头疼眼睛疼好不容易睡着了又有患者家属敲门最难受的时候我就想给我爸打电话想让他来接我回家因为真的太难受了可是我忍住了我不能那么做早上五点半起来抽血差不多得抽血抽一个小时左右因为人太多了为什么抽这么久因为有几个大娘真的展开全文,-1
女童发烧吞下一周药量需跨城救治为抢时间交警做了这些事,0
元旦见男朋友比较显著的结果就是被他传染感冒还发烧了明天还要考试害一天都不太顺利拜拜,-1
这一年刚开始就发烧,-1
前两天发烧今天我在学了考研词汇个单词已坚持天你也来背单词吧下载百词斩网页链接,0
最后一天发烧要死了,-1
求求感冒发烧头疼咳嗽放过我,1
对不起您的暑假余额已不足天请及时充值充值方式有发烧请假天感冒请假天头晕头疼肚疼均天特价优惠不交学费可长期暑假待机,0
小朋友发烧了就眼泪汪汪的看电视都没有兴趣了乐清市,-1
网页链接网页链接文过来抱我是新年贺文迟到的两周年贺文这次私心里想写一个发烧感冒撒娇的白警官在最后保留了一个小小的惊喜希望往后每一年都是阳光干净星河璀璨,0
屯Tt院接收名上呼吸道感染女子她曾到武h初步@示她]有感染沙士或禽流感目前^m被隔x情r定屯Tt院表示星期二接收名l出F上呼吸道感染徵畹呐病人由於她l病前到^湖北武hS即安排隔x治KM行快速yη萘鞲猩呈砍赎性反自武h出F不明展开全文,0
儿子发烧新年第一天加班预示着我收货更多闽侯基坑变形较大担心中怎么解告诉我好么未来的你,1
月子里嗨了两次发烧了两次就这样天过完了,0
越是发烧越是想吃冒菜,0
小崽崽今天是你一岁五个月零三天这是你第四次半夜去医院第一次第二次是因为胳膊脱臼第三次就是最近半个月之前的发烧今天走路不小心把嘴磕破了妈妈实在没想到会如此严重让你缝了几针万幸的是以后不用留疤亲爱的小崽崽以后的路很长磕磕绊绊在所难免妈妈只希望你可以平平安安展开全文,1
头疼了一整天迷迷糊糊了一整天明知道我今天病的重明知道孩子发烧但是现在了他还没回来不知道他啥时候回来不知道他干啥去了这会儿孩子退烧了算算时间点了还得再给吃一次退烧药所以我也不能睡等着吧,-1
宝宝出生第天个月天又是陪着宝宝升级打怪的一天反复发烧强制喂药可怜的宝宝还好精神状态还是不错的晚上吃饭也乖明天上午还是带宝宝去查个血常规好了,0
晴朗小宝发烧退了低烧,1
感冒发烧就是难受来宾金秀瑶族自治县,-1
今天上着上着课孩子们一个个都上来跟我说头晕去量完体温才发现居然都发烧了一节课下来五六个小孩都请假回家了流感季节真是太可怕了,-1
推荐你听北方的狼老歌发烧友和素素王月园合唱的这首唱得真不错新鸳鸯蝴蝶梦北方的狼老歌发烧友,0
新年新气象果然发烧了,0
感冒发烧用小赞杯泡一杯红糖姜茶别怕长肉肉喝掉困觉觉玖少年团肖战,0
发烧咳嗽流鼻涕被灌各种药嗓子疼不吃不喝终于还是逃不过输液新年的愿望就希望你不要生病巴彦淖尔,1
病患突然发烧四肢冰凉还好及时发现幸免于难每日笑话汇的微博视频,0
刚庆祝完老公生日小可却了第一次发烧的你麻麻看了真心疼今晚应该是个不眠之夜了,-1
感冒发烧真的是太难受了但想想毕竟也是一次提高免疫力的机会就忍忍吧连喝了两天粥虚得很整牙韩饕缴上海隐形矫正,-1
又感冒又发烧她在说啥我是一个么的感情的上班机器长春,-1
回来天五天在感冒发烧我好晕现在,-1
人真的不能感冒发烧啊想太多也跳不出怪圈圈第天,-1
大家最近真的不要去人多的地方我跨年那天在外面去玩第二天醒了就发烧加咳嗽了最开始还以为是感冒随便拿了点药到现在才知道是流感嗓子一直在咳嗽都发不出声音喝水都疼昨天咳了一天今天一咳嗽就肚子特别疼真的要非常注意,-1
就是这个机场崽崽发烧不舒服还要和粉丝剪刀石头布让粉丝,0
今年冬天就在发烧中度过为毛老发烧乌鲁木齐锦绣家园,0
本来定了明天去东丽湖恒大泡温泉结果旺仔感冒发烧今天刚不烧我也感冒严重了所以就不能去了想买个帽子去了两家店找了一个代购都没有新找了一个代购不知道能不能买着在没有我就官网订一个太喜欢了最近怎么这么多烦心事我都好久没去健身房了好愧疚更没有什么心思买衣服不展开全文,-1
社交心理障碍感谢感冒发烧让我避开了小刘的朋友局希望下次他们聚会我还发烧,0
我再也不会抱它睡了故事人物我和妈妈故事背景两个感冒的人故事讲述额头太疼了敷了两片沾凉水的卸妆棉妈妈看见了就问我你这是发烧贴嘛我为啥要贴发烧贴,0
直到今天才知道差点这辈子都见不到你了原本以为只是发烧感冒结果是病毒性肝炎还好天爆发期你在第天回昆明了云艺的一个小姐姐和你一样但是错过了抢救无效不幸去世了听你一个人这么机智勇敢地熬过来真的好庆幸你还好好的活着生命真的坚强又脆弱大家都要努力的活着啊,0
一个月前回到家连吃五顿辣火锅吃到拉肚子发烧然后我好好做人了半个月吃得像个广人期间考完了一场有点重要的考试肝完了论文初稿今天预答辩还被夸了于是出校门第一件是就是打电话问火锅店可不可以预约哈哈哈哈哈,1
恭喜我自己获得生理期感冒发烧大礼包一份,0
华电读研日记今天突然想吃橄榄菜于是有了图没有吃过的同学可以试试味道很好吃的下馒头也很好用橄榄菜就主食不加别的是那种很简单纯粹的美味体验图书馆门口的奶茶不错耶今天第一次喝以前以为那里只有咖啡今天发现也有奶茶它这个叫慕斯奶茶如果我没记错口感细展开全文,0
也不知道是什么原因今天早上宝贝就开始发烧了但是你却跟平时一样很开心的和妈妈玩知道下午爸爸回家后量了体温才发现你体温又升高了看着你开始慢慢哭闹就知道肯定是特别的不舒服了这也是你出生以来第一次发这么高的烧虽然赶紧喝完退烧药后就睡了但是还是很担心看着躺在身边的你一次次摸展开全文,0
春节放假前的最后一个双休在家瘫了一天竟然发烧了为什么,-1
昨天还说我不会感冒的打脸了吧这会儿嗓子痛发烧兰州风邪,-1
我们家的小朋友真是一个女汉子呀虽然早产一个多月比同龄的小朋友小很多但是这个身体素质那是杠杠的昨天价肺炎的加强针打完后哭闹不止晚上发烧喝了点退烧药不放心还是去省妇幼急诊吧哇呀呀进门吓一跳人山人海的流感太厉害了展开全文,1
感冒发烧,0
来看响妹打球下大雨了我俩真的琳成狗现在脑壳有点昏我估计我要发烧了身体太差了难过死了,-1
连续发烧四天也是够够的了今天打了吊针直接升到度我甚至以为自己要挂了也是服了,-1
这个叫搭棚很流行的古老电子工程技术电子管时代发明到如今还是发烧友比技术的基本功转发微博,0
晚上又发烧了度吃了药贴了退热贴又上了布洛芬栓剂总算发汗降温睡着了希望小桃子晚上没事恢复健康,1
第一场感冒病毒太严重最终还是没逃掉再多的表情包都形容不了我晚上尤其严重住院出院门诊门诊感冒鼻塞咳嗽发烧省略号的难受许昌,-1
恭喜我的感冒发烧姨妈一起恭候我,0
我免疫系统为什么我发烧了免疫系统我提高了你身体的温度因为病菌无法在四十摄氏度下存活很长时间我可是我也无法在四十摄氏度下存活很长时间啊免疫系统那就看谁的命硬了,0
年第一次发烧居然是被两个孩子整发烧了我真的也是个传奇记录了啊,0
哦吼这个自助餐吃贵了手机废了人发烧了需要看看周老师求安慰这个手机上却没有还在我一年半前我特别喜欢的时候,-1
发烧情头吗二花女士西宁,0
在家的时候发烧还会坚持上网上学的时候打个喷嚏都会觉得是癌症晚期,-1
这个冬天有点暖但太阳消失了好久搞的小盆友们相继流感发烧在家打扫了半天卫生再地板打蜡明天去买盘水仙吧,0
发烧就不能着凉不允许穿这么少评论配图,0
宝贝生下来今天是第二次发烧给他做了菠菜圆子汤他不吃给他煮了面他不吃又给他蒸了苹果泥他不吃晚上还给他熬了八宝粥仍然不吃唉累得我吐血整个一天就喝了点牛奶心疼死我了快点好起来吧,0
历史总是惊人的相似去年的今天我发烧了今年的今天我着凉头疼想吐,-1
可怜的小盆友第二次打点滴第三天了这是人生第二次打点滴了为娘本以从出生到岁半都没有生病没有发烧为荣可是咳嗽总是很严重没有食欲因天天不吃饭而让奶奶无比的担忧各种粥梨水萝卜水年愿平安健康,0
阿邰暖心日常爸爸今天感冒发烧了躺床上迷迷糊糊的问我妈今天和丫头视频了没妈妈说视过了我再帮你视一次我接了以后妈妈说快快快你爸难得感冒一次这会儿想你了需要你的安慰然后镜头一转我看到爸爸裹在厚被子里他平时身体特好不怎么盖被子而且在家里都是光膀展开全文,0
为了给用户带来极致体验我们不惜投入更多研发成本美商海盗船钛金级电源向用户展示了美商海盗船在顶级领域不断探索的精神图腾在新的一年我们将给广大发烧友和游戏玩家带来更多让人感到兴奋的产品最后感谢极电魔方客观中立的测试我们会努力做得更好,0
考试周发烧瘦了四斤,-1
揽镜自照觉得自己怎生的这样好大概是昨晚发烧烧坏了脑子,1
吗的昨天嗓子痒我就有不好感觉今天果然发烧了吗的能不能对我好点我就想身体健康每天都能笑出来唉,-1
旦增尼玛原本想连夜剪辑一版彩排现场合并版但大概展开全文,0
我看硬了这个我懂发烧了给你看在吃药,0
杭州看完演唱会发烧去医院导航了最近的医院杭州第七人民医院进去之后在护士差异的眼光中得知这是精神病院,0
生病发烧昏沉,-1
有别的办法吗你这个没救正在发烧突然被感动到原来我被暗中保护着真好,0
早早起床没吃饱就跑到方糖做苦力派传单分货弄到点多都没饭吃到吃饭时候又没肉一盒米饭干咽干咽的苦力到点又没有包晚餐滴滴回到家哥哥发烧带去看医生回来已经点头不是一般的晕呀真真切切的生活就在这个不老不嫩的年纪庆幸家人帮忙照顾不然不但没有自己也没有工作或展开全文,-1
周末发烧愉快,1
最近在贵州农产品年货走进广州的展销活动中贵州乾中元农业生态科技有限公司的南非叶茶供不应求安顺市驻广州办事处的王主任对该公司的张总说南非叶茶是一个好产品你抓好生产我们负责销售南非叶又名桃叶斑鸠菊杏叶斑鸠菊神奇树苦树南非树原产于非洲最多见于西非展开全文,0
也许是发烧烧坏脑子了度的温度让我想起你,0
儿子发烧了妈妈没有照顾好你妈妈只求你能健康快乐其他什么都不重要你最重要,1
新年初始第一天加班法定假日应该放假的第二天着凉第三天第四天第五天连续三天晚上发烧这是要闹哪样,-1
发烧发热的要特别注意了,0
上周一感冒还把小宝贝给传染了害她发烧流鼻涕去了一趟医院买了好多药我自己没有吃药想着过几天就好了然而过了天咳嗽越厉害啦妈妈让我去买药别拖着治咳嗽的消炎的冲剂盒药一张毛爷爷就没啦吃了天没点效果咳嗽快把肺咳出来了那种无法控制的咳展开全文,-1
总结一下发烧时可以煮沸白茶然后加冰糖饮用来帮助退烧排毒小儿湿疹痱子可以用白茶擦洗喝完的白茶可以煮了用蒸汽熏脸调呼吸不打农药的放心好白茶实实在在的价格可以加微信购买我跟妹妹穿的真丝弹力练功服特价回馈元鼓励大,0
我免费围观了蓬蕊医生的回答问题价值元快来一起免费围观微博问答,0
因为发烧所以有点想家,0
年的初雪发烧咳嗽浑身无力今日讯息很安静没来由的难过,-1
博士又揭一起学术不端她最近在网站上公开质疑北京大学药学院院长天然药物及仿生药物国家重点实验室主任周德敏教授涉嫌学术造假针对周德敏教授作为通讯作者或者共同作者的篇学术论文提出质疑表示论文中存在明显的一图多用现象在刚刚过去的年里院士大学校长造假展开全文,-1
我的脸发烧了,0
生活是痛苦的我们仍旧快乐生活是快乐的我们只愿意快乐的活着家的次方我们是快乐的我们是快乐的生活终止了这次发烧是睡得最爽的一次了,1
发烧拉肚子,-1
月日早晨起来精神好了些只是还有些发烧不过愿意吃点东西我熬了小米粥吃了半碗一直要喝水反反复复一天都在低烧我一直不停的喂水抱着孩子身体每次不舒服我都是抱着搂着很是粘我她爸爸都不给抱我不愿意给孩子乱吃药每次都想着让她用自己的抵抗力去抵抗那些细菌想展开全文,-1
又是发烧又是出血真难顶啊,-1
经历了高反发烧的张张终于圆梦了人生第一场日出金顶下的峨眉是雪中仙境金顶上的峨眉是云上天堂刚下缆车顺着楼梯迎着朝霞一路奔跑看着圆日涌出云层洒下金光这是我一直拥有从未逝去的青春啊,0
坐床上嚎为什么又双发烧了啊哭惨,-1
我爹真的对散步有执念继两天前给我从中医院拖着我走到西大桥回家吸了一路冷风就气管炎感冒发烧嗓子疼搁家躺了两天瞎几把吃了一万种药我要是不求着去医院根本想不起来世界上还有西医这种东西昨晚上半夜三点打完针要我从医院走回家被我妈拦着打了个车今天打针我妈没在硬是又拉着我走回家差点没展开全文,0
今天又是每个人几乎都在强调不要感冒不要生病其实这两天不知道是因为我发烧刚好还是怎么的觉得气氛有那么些温暖期待这次回归的九人吧大家都健健康康的向梦想再次努力吧,0
啊桃子我中奖啦啊第一次呀激动到不会说话新年开始就在感冒发烧扁桃体发炎家里躺了两天希望这个奖能给我带来好运祝桃子和雅越来越好呀祝大家身体健康桃子与司康发光成长社群桃子与司康,1
小记刚熄灯外面下雪了我妈感冒发烧了我还在学校没在家可能背英语背的吧趁着黑灯哭出来了我说我为什么最近心理憋得慌我远没有我想象的坚强吧好在今天没有打原本想打的电话她也不想让我知道她的脆弱吧但我发烧真的不敢说他们担心怎么整啊好在我有多喝水不然我现展开全文,-1
商振博第二天之印象最深的一个作品街舞进的那个舞蹈一个爵士风很浓的舞节奏很快动作也很复杂我学了两年的爵士和都市编舞吧反正我愣是没学好那段舞它很好的展示了奶老师的身体框架和柔韧度虽然射击动作慢了半拍但是也能明确看出奶老师强大的展开全文,0
曾经总是被偶然的邂逅击中仿佛爱情是永不回头的赌但慢慢发现越爱越累到最后缺的总是一个拥抱我发烧了多喝点水就好了大姨妈来了多喝点水就好了我喝多了多喝点水就好了我嗓子疼多喝点水就好了今天好冷多喝点水就好了我不开心多喝点水,0
在上个月发高烧之前可乐同学一直是个天使宝宝自从发烧之后就发生了天翻地覆的变化妈妈必须要在可见范围之内不然就哭去个陌生的地方必须要妈妈抱着否则哭吃水果永远没有满足的时候还是哭曾经任由他一次性吃了个草莓就想看看吃多少才能够爸爸妈妈必须满足他一切要求要不展开全文,0
从下午发烧到这会感觉自己已经废了,-1
吃狗肉喝白酒里外发烧,-1
宝宝发烧了怎么办家中长辈第一反应是感冒着凉了吧捂捂吧不懂别害宝宝呀虎妈教你种正确应对宝宝发烧的处理方法微博母婴虎妈潘潘的秒拍视频宝宝感冒发烧怎么办,0
在家的时候发烧还会坚持上网上学的时候打个喷嚏都会觉得是癌症晚期,-1
明明是感冒发烧喉痛为什么到你那就成了害怕无奈无语通辽,-1
昨天晚上有点发烧让男朋友陪我去急诊来回打车花了他块钱今天早上上来就问我要这块钱,-1
很久没有絮絮叨叨我们的感情了我总是很好奇爱情到底能把一个女孩子变成什么样子大概就是心理年龄疯狂下降吧一直以来都是我记路现在男朋友就是我的导航仪感冒发烧也有人照顾整晚陪着可以一起去吃想吃的东西可以一起去看喜欢的电影一起刷无数遍可以一起走遍每个景点留下游客照和男朋友展开全文,0
大白菜价出口品质发烧级友头戴式耳机监听电脑游戏手机蓝牙大白菜价出口品质发烧级友头戴式耳机监听电脑游戏手机蓝牙,0
外面下雨的嘀嗒声貌似挺减压的今天又在感冒发烧的边缘徘徊智齿还是没空拔太忙了万一拔后身体扛不住想休息也没时间啊生日收到一份好友精心准备的礼物晚上打开的时候闪着暖光惊到了满足了我的少女心友情无价还有收到一份弟弟送的鲜花说实话我确实不喜欢花不喜欢鲜花也不喜欢养展开全文,0
落地米ml了l了陈启鑫微博视频,0
发烧反反复复,-1
流感和发烧没有击倒我啤酒和白酒没有击倒我最后我没能躲过肠胃炎所以也加入吊瓶大军了糟老头子G的微博视频,0
就好像发烧了似的浑身酸痛无力但摸摸额头我也不像发烧啊啊啊啊好难受怎么会这样,-1
昨天下午发烧咳嗽一直到现在说话都没力气走路更没力气睡了一天了头都是晕晕的,-1
牛批感冒发烧,-1
感冒发烧的滋味真不好受雨也终于消停了远离病痛才是最重要的愿安康晚安,-1
发烧没好不好喝冰的唉多肉葡萄太好喝了合肥海亮九玺九台别墅,1
生病发烧请假在家窝了一天昨天傍晚那会儿烧退了到了深夜又发烧到朋友问我要不要去医院我说不我很抗拒晚上的急诊室会看到很多双无奈且布满血丝的眼睛晚上躺着一直在流虚汗感觉睡衣都湿透了我一动不动裹着被子躺着心里祈祷着第二天会好的果然今天退烧了今天看了婚姻故事展开全文,-1
娃流感跑了三趟医院开出以下药方一判断病毒感染开了奥司他韦布洛芬蒲地兰出了名的回扣药直接没给祺吃二反复发烧病毒感染的特性继续观察不用药我是无所谓问题是发烧第三天了相继出现咳嗽腹泻症状家里长辈撑不住了再次看了医生未做任何检查直接开了抗生素头展开全文,-1
下午两点多米花开始发烧近度不过她的精神状态一直很好晚饭依旧能吃能喝的晚上九点度吃了退烧药睡去但愿晚上不要太遭罪啊她现在除了说自己的姓还会说姥姥的姓很多问题她都能反应过来很聪明的宝宝,0
那年把香港玩坏了内陆总共死了三百多人香港就干掉将近三百人那人口密度他们确实应该怕再严重的事咱们风格向来内紧外松香港全是起哄架秧子裹乱的只要武汉过去发烧的都算疑似算谨慎防范没问题但添油加醋全是谣言他们喜欢这活法不嫌累乐在其中,0
感冒发烧不想吃药打针那就挺着别说难受,0
今天好焦急我的都宝贝在经历了咳嗽发烧并且吊瓶加吸雾化天后咳嗽稍微减少竟然又开始发烧我心里很乱很多可怕的想法只求一切都好我的宝宝一切都好好的坚强的挺过去不知道后面迎接我的是什么但愿一切都是好的,1
音乐今天感冒了头痛发烧加咳嗽于是没怎么更新睡前突发奇想在音乐软件搜感冒结果被这个歌名笑到像极了在社交软件上拼命凑字数的我,1
持续发烧,0
晚上睡下温度又上来了下午医生说再发烧就要挂水明天去吧睡的不安稳我碰一下额头她就醒了刚刚叫醒又喂了美林我看着等会再量一下温度,0
昨天幼儿园放学回家奶奶看她精神不太好一量体温发烧了今天请假在家休息明天也不知道什么情况幼儿园的勇敢者之夜活动不知道还能不能参加了,0
昨儿咳嗽基本上好了就是躺下要睡着那会儿嗓子痒咳嗽了几声今儿似乎又厉害了点儿临睡之前赶紧针上没按课本来的但咳嗽停了就是嗓子眼儿和肚子在往外冒热气平时练减肚子的针那也热但温煦的那种热很舒服跟早晨点多的太阳似的这个热就像一个发烧的人把手搭在你身上的那种闷展开全文,0
感冒发烧咳嗽,-1
我的闺女从发烧了可怜巴巴到半夜跑起来去厨房偷肉吃全程不超过五小时向雨涵,0
快要发烧又没有发烧的感觉真的好奇特好想吃雪糕,0
做完了手术熬过了发烧养好了背疼治好了送走了姨妈还是没躲过感冒我这毛病啊此起彼伏的年了能不能对我温柔点我想正常的过几天行不行鼠年我就问你行不行,0
记一个就算发烧也要拼命跟朋友们玩的女子请你们记住我一个浪子不回头那种度,0
害因为最近一直在赶论文进度不怎么看手机加上中途又经常被妈妈拽出去逛街我甚至到刚才才知道今天有直播不过我必须继续写啦号之前搞不定两篇的话我整个上半年都不能好过了明天早上再补课叭听说你感冒了怎么不照顾好自己啊肯定是熬夜又挨冻加上流感闹得叭一展开全文,0
岁男童高烧住院天父花万救命才发现体温计坏了江西一名岁男童早前因肺部感染住院治疗了半年的时间让父母花了约人民币万医药费才让情况好转不过他近日又出现发烧的情况紧急住院了天又花万元医药费却仍然没有退烧岂料最后发烧的原因竟是因为体温计坏了让男童父亲气炸展开全文,0
发烧一个烤冷面真好吃有点咸,0
突然扛不住了发烧忽冷忽热头疼真难受连续加班真的伤人,-1
今晚第一次把娃送他奶奶房间睡好舍不得可惜自己感冒咳嗽还发烧但愿一觉醒来烧退感冒好这样就不会传染给我家宝了妈咪爱你我的小宝贝,0
说掰掰姐发烧了身体不舒服要给她挡酒替她喝的真的太了是呀他来到还是一个小孩转眼就快四年了一直在这里从未离开以后就多拜托大家照顾了,0
宝贝有点发烧快快好起来呦,1
小仙女都爱发烧烧,0
全身发烫求求千万不要发烧我真的病不起,0
感觉就是发烧的前兆浑身无力,0
我好难我爸难得要值班百年一遇的那种我妈发烧,-1
去年的今天我考试发烧那天考完回来依旧高烧不退但那天晚上有你的活动看完你烧都退了都好了华晨宇见你哪怕是隔着屏幕对我来说都很幸福了,0
可能发烧了意识迷离的时候我在想是不是死亡就和冲瞌睡一样眼睛一闭就嗝屁儿了,-1
貌似深夜发烧,0
太难受了明天的最后一门考试偏偏今天发烧生病工作分析别挂我啊啊啊难受难受难受,-1
很久以前的那个夏天你在海边第一次牵了我的手那天的海风很大我的脸却像发烧似得滚烫你的手掌很大和你的笑容一样温暖抚摸着照片上你青涩模样嘴角不晋勾起了浅浅的弧度嗨亲爱的我又想你了无论现在你在哪里请答应我一定要幸福小心地将照片放进抽屉我将你给过最美好回忆展开全文,1
飞利浦音频线车用电脑汽车手机音响线通用公对公耳机双插头发烧友镀银听歌线车载音频手机连接线音箱飞利浦音频线车用电脑汽车手机音响线通用公对公耳机双插头发烧友镀银听歌线车载音,0
我可能回家后有点水土不服有点发烧了,0
结束了投票我的发烧又反复了哎,-1
发烧到但是一看到你的直播就感觉没那么难受了今年是喜欢你的第年哥哥我永远爱你爱你爱你年我们一起继续加油努力努力再努力张艺兴,1
今天下午发烧现在体温仍然没有恢复正常持续观察中,0
生活中的忙忙碌碌每一片刻的依偎都显的弥足珍贵且美好爱你愿发烧赶紧退去晚安一颗小喻圆无锡江南大学,1
好烦躁小宝发烧了萍乡芦溪县,-1
染上了一累就会发烧的臭毛病,-1
飞利浦音频线车用电脑汽车手机音响线通用公对公耳机双插头发烧友镀银听歌线车载音频手机连接线音箱飞利浦音频线车用电脑汽车手机音响线通用公对公耳机双插头发烧友镀银听歌线车载音,0
今天真的好难受吐了好几次还一直发烧好难啊希望明天就好了,-1
感冒发烧好难受绿洲,-1
首医大校长饶毅大学人文教育对人的影响非常小其中的一些观点比较新颖教育评论队长特摘选出来和各位一起分享讨论网页链接,0
我觉得已经播出的四季都挺好看的除了爱情公寓那个电影我没看过听说不怎么样不过要说最喜欢我更喜欢第一部了第一部笑得停不下来来展博回国上公交车那段笑死我要么刷卡要么投币要么滚蛋的牛叉公交车司机展博和婉瑜公家车上相识并相爱很沙雕也很搞笑展开全文,1
发烧了两天今天终于活过来了因为喂奶硬抗睡了两天娃都不管了还好家里来了菲佣又变成了深夜爱刷手机的话痨熬夜真的对身体不好,0
今天下的雨就是我的泪水没地方哭只能躲在实验室的厕所里哭哭到纸都没得好希望自己现在突然发烧可以躺在床上睡觉休息逃避实验,-1
闹着要去拍照闹着要去看雪我爸打听了周边最近的雪收拾了一箱衣服一个多小时车程雪地里有多开心现在就多造孽因为发烧了,0
回家第一天发烧惨兮兮延安,-1
好好照顾自己,0
今日份快乐终于可以拥有第二个半价了两年多没坐过船了降温的晚上坐船游江边是什么人间疾苦一点都不浪漫周妈咪是多么蠢的三桥真的好美哦浓心爷爷发烧友夏睡神的每日早餐代买好心人终于组群了,0
我的正常体温是以下那我的时候是不是烧坏了明天还要上班加油吧愿以后没有发烧,0
发烧头痛欲裂,-1
最近几天右耳朵两次发烧虽然科学解释了原因但我还是觉得家里肯定有人念叨我了而且大体说啥我都知道,0
我姑娘经历过两次发烧之后脾气越来越大都不知道因为啥就耍驴以前不是这样的啊才一岁我就已经深感教育的压力心累,-1
发烧太难受了穿了秋衣毛衣秋裤袜子贴了暖宝宝抱着热水袋的我还在被窝里瑟瑟发抖,-1
一大把年纪还发烧看着老爹远去买药的背影突然好像明白了朱自清那篇背影,0
二哥昨天还在发烧今天就稳得一匹马要注意休息才是,0
再也不乌鸦嘴了发烧发的头要炸了,-1
小崽流感发烧三天彻夜难眠这几天一直抱着小宝在手里很难放下手都断了可我还是熬过来了晚上看到小宝活力重现很为他开心我付出多少换来你的平安健康都是值得的深思最近几个月粉上的其实对他们的感情似乎对自己孩子的期待和爱默默的投票呀支持他们买专辑各种软件全下了个遍同事调展开全文,0
旅行也发烧的是不是只有我了,0
冻得我打摆子别真把自己奶中了发烧了吧,0
昨晚六点小妞又有反复的迹象果断加了一次药今天一天没再发烧胃口也比昨天好了很多咳嗽有点儿厉害但是拒绝喝糖浆只喝梨水小妞人小威力大麻麻姥姥都被传染了,0
最近的身体状况只能用糟糕形容感冒发烧姨妈痛喝酒过度还要扛团队人的任务座城市来回跑月底压货一点希望都看不到大爷出院了还不想着结案日了狗了年的一月快点结束吧,0
女儿又发烧了网页链接,-1
发布了头条文章搞笑发烧的小明被食人族抓住族长对儿子说快趁热吃搞笑发烧的小明被食人族抓住族长对儿子说快趁热吃,0
我免费围观了意大利华裔医生在北京和睦家医院的回答问题价值元快来一起免费围观微博问答,0
我小可爱发烧三天了明天该好了吧瘦了半斤多了,0
我好像不小心感冒发烧了,0
流感l到半夜起砜哥治一下都好好看,0
睡前祈祷不要发烧不要发烧不要发烧不要生病不要生病不要生病,0
病初愈总算能吃点东西了目前的量是饺子一两希望能保持不发烧也不胃疼就是没食欲这样挺好的,1
感冒发烧咳嗽年纪大了一堆破事儿,-1
还是再发誓以后真的不能这样了身体是最重要的哪怕吵架或者干嘛都好但是不能伤害对方身体无论有意无意都要杜绝就像他胃不舒服或者太累了或者睡眠不足或者总加班或者没得按时吃东西或者感冒发烧头痛头晕之类的我都觉得很不开心很心疼何况还是我这种脑残行为以后再也不要了,-1
下午放学感觉有点发烧找爸爸请了晚修假在学校呆到差不多七点才走给弟弟圆圆和同学带了点小饼干给了圆圆一些结果没想到晚修去不了剩下的都给了圆圆哈哈哈给弟弟的一直在想要怎么给才会不尴尬毕竟我国家一级退堂鼓选手想了好久最后等我快走的时候看到弟弟在玩手机我就在后展开全文,0
梓希成长记录小学记粑粑到底有几个周末没有正常休了我已记不得了麻麻连轴转的这几周真的好累好累迎接周末考试加上财务狗年底忙碌加上喝咖啡失眠喝咖啡失眠的恶心循环加上感冒发烧头晕嗓子疼浑身疼此刻麻麻躺在床上天天在收晾衣服遇到了一个天使宝宝感恩笔芯终于展开全文,-1
我免费围观了意大利华裔医生在北京和睦家医院的回答问题价值元快来一起免费围观网页链接,0
果然全身一酸痛就预示着要发烧赶紧捂严实睡一觉一个人好惨,-1
这两年跟腿干上了吗年月大腿二级烫伤今天老爷子说大腿的筋无缘无故的像断了一样还说听到了断裂的声音晚上临睡前要我明天带他去医院拍片检查丁丁是不是知道老爷子受伤了守在门前让我想起养丁丁的第一年当时我发烧卧床小家伙趴在床尾一天,-1
好久没生病晚上竟然发烧了这滋味是真不好受希望明天早上好起来还有一堆事要忙拜托拜托,-1
大豆坚强过油了刚刚才把温度计找出来量体温才发现在发烧要是回忆起来这种感觉好像是在坐飞机回家那天开始的断断续续发烧天了最可怕的是我竟然不知道怪不得脑子一直浑浑噩噩的幸亏没晕,0
来牙克石的第二天室内室外冷冷热热发烧断断续续太难受了在车上漂了一天可真是太漂不明白了原地度漂移哈哈哈哈不是自己车造作起来不心疼爽一直跟瘟鸡一样生病辛苦照顾弱鸡媛阿里嘎多并且连带着都玩得不那么开心了我自罚三杯退烧泡腾片嘻嘻展开全文,0
和我妈说我发烧了度我妈说没事正常体温过会儿再量度我妈说吃颗药就好了我能长这么大也是不容易呀,0
终于发烧感冒了呼和浩特,0
发烧感冒嗓子疼吃不进去饭恶心嗜睡真是伤口上撒盐啊呼伦贝尔,-1
皮肤干到要死希望妈妈醒来嗓子不痛不发烧了爸爸的腰也不疼了腿也不疼了好不好好晚安抚顺,1
循化同城约拍一起嗨啊摄影发烧友小姐姐优先海东循化撒拉族自治县,0
我有多久没发烧了,0
发烧会哭鼻子的人现在也会照顾人了我是真的太爱你了,1
感冒了在发烧没躲过去,0
只有小日常能安慰我这个发烧的人了,0
老娘身体这么彪悍的人居然莫名其妙发烧了明天检查身体去了日常怕死,0
好半夜又发烧了医生说多喝热水我照做我好想睡觉啊,-1
熊孩子你爸让把羽绒服装在箱子里发烧了绕过你爸还是找麻麻,-1
宝贝身体健康平安无事求老天爷保佑你健康平安佛祖保佑你健康平安观世音菩萨保佑你健康平安求你不要感冒发烧厦门,1
发烧难受没曾想睡个午觉给我睡凉了,0
俩笨蛋生病了也粘粘的结果一个感冒一个发烧,0
总结大会前一晚我终于发烧了最辛苦的应该是我妈照顾我孩子还有我爸在梦里我还在想这个局怎么破好心累,-1
从重庆到波士顿的一秒切换一下子就戳到我泪点了想起九月开学他剃了个寸头一切从头开始踏上全新的征程在等待他落地波士顿的漫长时间里老母亲甚至翻来覆去睡不着他寄回来第一张明信片报平安结果转眼他就发烧失眠了看到他背起小书包又觉得他终于有了他想要的生活,0
认真想想是输了瓶吊针嗓子还是特别难受不过好歹不发烧了,0
整整一个学期都没有生病偏偏这个时候发烧早知道那天考完概率论就不去南门了这样就不会吹冷风就不会难受明天还要考试后天还要回家不过还好只是单纯的头疼脑热脑袋一直疼还以为额窦炎复发了呢希望明天一觉醒来满血复活吧,-1
关于生病最近同事们接连生病让我心生感慨生病其实并没有带给我不好的回忆相反我很多幸福的时刻都和生病有关小时候的我体弱多病记得每次生病赵女士带我去医院输液都会一直在我身边无微不至地照顾我小时候馋嘴都会在刚扎好针或换好瓶子时央求赵女士出去给我买好吃的我知道展开全文,0
太厉害了很微妙,0
开热空调真的很干我上次直接干到发烧穿秋裤啊不过我想说的是重庆真的是很冷但是开了空调的房间又真的太干了大家有没有什么快捷的办法可以解决这个问题啊,0
感冒发烧配着单曲循环适合涕泣横飞,0
哎泡汤回来发烧可还行,0
发烧会烧坏大脑吗很多家长纠结这个问题只有在例如在热天把孩子关在封闭的车里这样极其少见的情况体温高于超高的体温才可能会对大脑造成伤害还有那些例如化脓性脑膜炎之类本身就会坏脑子的病常常伴有发烧才会让人误以为是发烧烧坏了脑其实发热本身并不会对大脑造成多大的伤害,0
发烧头疼浑身疼错过了微博之夜和楼的重逢,-1
老二发烧老大还没好折腾得我好累,-1
见不到尤老师的第三天回家的第一天嗓子发炎报废发烧浑身疼尤老师你快来只有你能治好我,0
一年一度的发烧我吐了,-1
我免费围观了意大利华裔医生在北京和睦家医院的回答问题价值元快来一起免费围观微博问答,0
崔玉涛讲小儿发烧应该何时去医院太颠覆我们平时的观念了转秒拍视频,0
检查了两天发烧了两天贼难受了赶紧好吧明天开始服碘了都要好好的健健康康,1
发烧,0
小家伙今晚忽然发烧了没有一点防备和征兆思前想后觉得不可能啊既没着凉又没出门疫苗上周刚打完每天真的是细心又小心生怕有一点点不周此刻小家伙睡在我旁边静下心来想可能是因为出牙啊出牙前两天发现他左下方冒出一点牙的迹象了就是所说的第一磨牙联想到这两天吃饭总是不展开全文,-1
下周五就过年了然而我连头发还没弄就又加入到了发烧的行列度刷新了我高烧的记录了,-1
在医院发烧度还拿了,0
什么人不适合吃性情太过急躁或平日大量摄取肉类导致面泛红光的人不适合吃黑枸杞因为黑枸杞是温性的而且滋补性比较强吃多容易上火处于发烧身体有严重炎症腹泻的人最好暂停食用因为黑枸杞温热身体的效果十分的强不利于病情康复,0
熬夜胃疼天气太冷了胃疼吃坏了胃疼发烧了胃疼不吃饭胃也疼求求了我的胃,-1
可怜的大宝贝流感发烧被隔离在自己的小屋,-1
是心动啊对你莫名的心跳竟然停不了对你的迷恋感觉要发烧,0
回复军事政治发烧友是为了改组政府普京已宣布不会再年继续竞选总统是改组政府了普京极可能在年以后做准备了,0
这一刻像极了父亲高铁上男乘务员抱起哭闹女婴哄她入睡近日贵阳开往南宁的次列车上一位宝妈独自带着两幼儿乘车大女儿感冒发烧小女儿又哭闹不止乘务员陈凯发现后小心翼翼地抱起小女儿用不太熟练的姿势抱着低声轻哄她入睡人民视频人民视频的秒拍视频展开全文,1
老娘住院十五天奶奶打针十天儿子发烧第六天我感冒第五天我已经准备好各种不幸倒想看看我有多么的不幸多么的惨泰安东平县,-1
当时你虽然很小但是日子很苦对于以前一天只吃两顿饭我现在也不知道当时的日子怎么过得我记得最清楚的一次我们租的是人家的地下室潮湿又不见太阳我爸出去给别人下石油了对于他来说我妈我我弟就是他的全部他这个人不舍得吃不舍的穿对于我们这个家真的是无私的付出对于我们来展开全文,0
发烧感冒多喝热水答应我干掉这杯热水就回家睡觉好吗好的,0
有一种错爱叫你生病了妈妈给你打最好的吃最好的药有多少这样的麻麻可以留言有的妈妈不管孩子发烧多少度第一时间就用退烧药就送医院展开全文,0
好闲还是好有爱的的服务员呢但我不需要剃须刀嘛突如其来的发烧突如其来的赶紧忘掉这一趴在天津的最后一顿晚餐很丰盛胃却只能装几口很隐蔽的小抽屉顺便把报销单填了,0
快给我涨点粉巨大的桶蹦着板栗鸡和榴莲鸡翅去的一个人的孤独其实看起来也不是很多短发的侧脸果然好看扫荡前后我最喜欢吃榴莲了榴莲鸡翅绝啦头发已经长长了点偶遇家里的一小角今天上班同一个地方夹了三次忍不住想戳破它放血想要诸葛展开全文,0
躺进被窝就开始发冷快速发烧浑身关节疼到发抖整个人在被窝里打摆子想喝热水想喝药起不来床只需要一杯热水一粒芬必得呵躺了几十分钟等能努力爬起来就去烧了热水喝了感冒清量了体温猛灌热水后来了一粒芬必得从又冷又疼就开始哭的歇斯底里竟然没有可以深夜打扰的人会好展开全文,0
妈妈你说是不是因为发烧才考的那么好的啊那我考试就发烧呗果然连他本人都怀疑其实我心里也想估计不发烧还考不了那么好呢当然我不能这样说如果不发烧估计语文那个答字你不会漏头脑更清醒就考三科咯以资鼓励,0
宝宝发烧怎么办这些应对方法一定要学会,0
二宝连续发烧几天了心急如焚还不敢在父母表现得明显他们也着急多想离他们近一点打个电话随时出现在他们面前希望今晚不要再发烧了明天老大回去能减轻一点父母的劳累亏欠他们太多太多所以想想自己的矫情真是太不懂事了我要把余生所有的爱都给家人尽可能多陪陪他们多和他们聊聊天展开全文,-1
这表情控制的相当优秀啊孩子感冒发烧老不好多半是装的上海上海交通大学闵行校区宿舍的微博视频,0
粽粽个月了跨越了一岁半这个界限感觉一下子就长大了大部分的话能听懂虽然不会说但是也开始模仿了可能任督二脉还没有打通吧特别明显的是开始有主意会说不要了感觉这个小姑娘以后很是不好对付说件就在前天令我特别感动的事情前天我发烧了超过就想说不可以喂奶了展开全文,1
啊啊啊啊啊啊过了过了财管过了棒棒下一个愿望明天倩倩就不发烧好起来有机合成过了我假期喝奶茶必不加珍珠,1
发烧三天以为好了呢今天下午开始感冒了北京,0
甘肃公安交警,0
流鼻涕咳嗽吐据以往的经验离发烧不远了怕啥来啥帅气,-1
全球美食吃啥都不如吃肉感冒发烧终于好了几顿稀饭喝完一点油水都没了赶紧做顿肉吃这一盘子大肉够吃好几顿了凑整环球美食荟的微博视频,0
中国的研究外包产业近几年蓬勃发展已经达到了很高的水平这给高科技创业降低了门槛不需要什么事情都自己做了鲁白科学家创业能成吗饶毅的文章知乎网页链接,0
睡了吗哥哥唔先祝你小年快乐我终于靠我坚强的意志力抗过了感冒如果晚上不再发烧的话恭喜我这场战役我大获全胜了生病了人就会变得懒散话也少了就想着找点躺着不动还很开心的事情干围脖也就很少在线哥哥不要怪我呀明天有你的表演啊放心吧明晚之前我一定痊愈展开全文,1
十八岁的小墨的第一次十八宫格已查收冰淇淋们可以细细欣赏这度的帅气了,0
上次发烧还是初一的时候烧了两天了希望快点好起来,1
过了两天了看丢莱卡的后遗症还没治好现场没怎么录像只能一直抄歌词抄歌词边抄歌词边感叹天呐这个人怎么写出这样的词的妈妈我要考中文系的研迷信地相信如果能获得涂老师的点赞就能获得和他一样的好字涂俊南小涂发烧了好好休息早日康复,0
我分享了中报视频的秒拍视频,0
史上悲催出行记姨妈第二天头疼欲裂啾发烧小时吃了三次退烧药新加坡,-1
回家迎接我的居然是深夜的感冒发烧大晚上的恶心头痛实在睡不着找不到把我爸妈弄醒万年不病芊芊从年开始变成一年一病了太惨了明早还要爬起来整课题落泪晚安,-1
快过年了过敏刚好感冒发烧咳嗽又来这一年带给我什么了一万只,-1
为什么现在女生总会莫名其妙的提分手因为女孩子不会告诉你真正分手的原因比如她翻你的游戏历史记录发现你两点多带了一把妹她不会跑去质问你我们不是说过晚安了吗比如她那天发烧到你却只顾着打游戏而忽略了她她不会跑去质问你为什么我生病了你却还一直在打游戏比如展开全文,-1
我哭了知道他感冒发烧不能吃还记得给他拿你们俩都给我好好的健健康康快快乐乐的,0
今年的第一次发烧感冒难受的睡不着枣庄,-1
看完这些九大电子管使用要点豁然开朗电子发烧友网电子管作为胆机和各种电子管设备中的关键性枢纽器件它的质量与工作状态的好坏将直接关系到胆机的音质质量和设备的工作性能合理正确地选择和使用电子管很重要下面就向使用者介绍一些必须要掌握的最基本最有用的知识和技能展开全文,0
朝鲜散养熊胆平壤大药房出品绝对稀罕物品绝世好药材这玩意本来就少加上边境严查限量携带基本没有库存到货就光朝鲜黑熊整颗干胆朝鲜平壤国营大药厂出品保证正品除了朝鲜你哪都没地儿买朝鲜中央动物园制药厂黑熊繁育药用基地朝鲜整只干熊胆有药中黄展开全文,0
病没有好断断续续发烧剧烈咳嗽加嗓子疼睡的迷迷糊糊听到妈妈跟爸爸说她心里难受我嗓子疼我一咳嗽她就心疼的难受呜呜呜呜爸爸妈妈也太好了吧于是我现在憋着不太敢大声咳来势汹汹的流感真难受,0
这周是重感冒又发烧的一周昨天打起精神饱腹一顿日料今天中午即使浑身滚烫为了招待朋友还坚持吃了班尼迪克和一份牛排才去打退烧针,0
注意盘州一幼儿误食纽扣电池食道灼伤恐穿孔月日中午点岁零个月的小男孩乐乐被家长带到盘江总医院消化内镜科紧急行内镜下食道异物取出术很快医生将一枚已经严重腐烂的纽扣电池从孩子的食道内取了出来同时看到食道上段及入口段明显的电化学灼伤糜烂充血食道展开全文,-1
转发微博,0
昨日份惊喜阿龙川菜合体双云嘎子夜空中最亮的星双云冲上巅峰看大龙下厨吃蛤蜊大龙感冒发烧还挺严重希望他们注意休息忙完这一阵好好回家过年,0
突然想起来高烧左右的时候戴口罩真的特别特别难受呼出的气体温度过高整个糊在脸上透不出去又因为感冒不能摘口罩那天晚上我真快憋死了还好我只是嗓子发炎感染才发烧的,-1
卧床发烧还有只憨狗弹幕之神有点厉害了上海,0
我崽儿太拼了注意身体啊看你再穿这么点,1
从北方到回到南方反而不适应了家里好冷呀一回家就发烧加重感冒都持续一个星期了明天又是输液的一天我现在每天起床睡觉都比看微信就怕老师给我发消息回家一个星期了一篇文献都没看我好慌,0
上午娃给我打电话说头晕让外婆给娃喂了牛奶吃了饭睡了一觉下午两点还是说不舒服可能发烧了带去医院看了看下午五点打电话外婆说好了在玩玩具希望你这个生病就好啦,0
去年过年发高烧今年过年发烧感冒喉咙痛的咽不下东西明年春节会出什么幺蛾子咸阳礼泉县,-1
有火警即拔针月日朋友圈里一则消防员拔点滴出警的视频令所有观看者心里一暖为了最快速度出警点滴瓶就挂车内有警即拔针出发最美逆行者实在是太拼了今年岁的苏壮年月加入宁波象山消防救援大队目前在象山中展开全文,0
保佑我别发烧,0
发烧烧成小鱼干萝卜干各种干,0
前滋l完F在[sX得c胃炎了我]有c胃炎^的犯l了我,-1
近日武汉肺炎疫情在延续确诊病例突然增加月日新增日新增例北京也出现类似病例春节期间返乡及出行客流量大无论是在家还是外出的人员都要密切做好预防措施提醒大家一春节期间请大家加强预防少去人群密集场所出行佩戴好口罩避免接触发热咳嗽病人增强自身机体免展开全文,-1
虽然说是放假了其实反而比不放假还要忙碌一点从悄悄回家送惊喜到马不停蹄的回老家看姥姥再到无缝衔接的感冒发烧虽然感觉每天什么都没做但想一想每天都很忙碌是一种无用的忙碌公众号创立了一年一篇文章都没有发过收集了很久的小说资料也没有派上用场每每想要做些什么的时候总会出状况希望自展开全文,-1
孩子咳嗽发烧了我慌,-1
钟南山院士讲话总结确定肯定人传人目前烈度低于病毒目前处于爬坡期来源还未确定疑似野生动物已有医务人员感染普通人要提高警惕疫情已经升级脱销普通口罩也有效发烧为第一疑似症状如无必要近期不要去武汉,0
蟹蟹课代表钟南山院士讲话总结确定肯定人传人目前烈度低于病毒目前处于爬坡期来源还未确定疑似野生动物已有医务人员感染普通人要提高警惕疫情已经升级脱销普通口罩也有效发烧为第一疑似症状如无必要近期不要去武汉,0
太可怕了我现在已经发烧咳嗽了快两周了还不见好不知道是不是,-1
人传人致病源是野味目前传染性和致死率比非典低是因为医疗进步还有病毒处于初期爬坡阶段未来可能继续升级有医护被传染要提高警惕飞沫传染普通口罩也能防护不要去武汉发烧一定要去看病排查,0
钟南山院士讲话总结确定肯定人传人目前烈度低于病毒目前处于爬坡期来源还未确定疑似野生动物已有医务人员感染普通人要提高警惕疫情已经升级脱销普通口罩也有效发烧为第一疑似症状如无必要近期不要去武汉传递课代表总结,0
发烧终于好了出来吃个饭云南省西双版纳傣族自治州,0
出门戴口罩最佳外科口罩其次勤洗手保持手卫生咳嗽或打喷嚏时捂住口鼻避免与呼吸道患者密切接触避免去人群聚集地注意周围是否有咳嗽发烧的人,0
早上点带着爸妈和发烧第五天的小崽子出发穿过了雪山经历了度到多度的气温跨越了两千多米的海拔欣赏了夜晚的邛海终于在几分钟之前哄睡了小崽子生日快乐鸭小朋友今后每天都健康快乐平平安安,1
钟南山院士讲话总结确定肯定人传人目前烈度低于病毒目前处于爬坡期来源还未确定疑似野生动物已有医务人员感染普通人要提高警惕疫情已经升级脱销普通口罩也有效发烧为第一疑似症状如无必要近期不要去武汉,0
我讨厌发烧一发烧脑子里就会钻出各种讨厌的回忆画面烦人想一键清空,-1
饶毅举报三科学家论文造假还曾这样评价屠呦呦手机新浪网饶毅举报三科学家论文造假还曾这样评价屠呦呦,-1
已确定人传人且医护人员有感染事态升级需警惕外科口罩可以防护传染如果发烧了一定要去医院发热门诊筛查流行病学判断是来源于野生动物,-1
去年刚入职不久就发烧了差不多好了的那天去参加自己的聚会虽然第一次见很多其他国家飞过来的同事觉得戴口罩有点不礼貌但又怕传染给别人还是戴着口罩去了没想到竟然被美国同事形容顺便听她吐槽了一下在长途机舱里咳嗽打喷嚏还不戴口罩的她的同胞,0
不确定是不是感冒了先喝了药再说被最近的流感吓怕了喝完药的后遗症就是恶心希望我只是体热不是发烧睡个好觉晚安,0
真的是有点担心才说完要注意预防我老公就发烧了,-1
今天网络上又流传着饶毅写邮件给舒红兵劝说让王延轶辞职的信可能是伪作也可能不是为什么大家这么爱托伪饶毅写信或者饶毅的信总是被流出写信给丈夫让妻子辞职不大政治正确嗯,0
从医院看姥姥回来有点发烧虽然可能因为是刚刚回家那几天因为突然没有暖气感冒了吃药了还没好但是还是有点怕给妈妈说了严重性临县已经确诊一例了姥姥还在呼吸科问她能不能不要住院了她想了想还是说姥姥还没病好还坚持要去陪护还问有没有得这病死了我说有的时候她还说展开全文,-1
今天从凌晨到现在发烧情况上午在中医一附院化验咽拭子为甲型流感感觉现在的体温应该是布洛芬的作用希望体温不要反弹太高感觉情况正在好起来刚才听到娃放一个长屁郑州怡丰新都汇,0
国家卫健委高级别专家组加强发热监测春运有发烧情况不要出行网页链接,0
饶毅,0
对于这次病毒的趋势饶毅称不能通过的周期预判此次新型冠状病毒周期这是一种新型的病毒真正了解的专家很少目前不能预测未来将会发生什么,-1
饶毅建议武汉病毒所长辞职病毒所是否有病毒泄露中科院武汉病毒所为何要为双黄连站台双黄连之夜后武汉病毒所的故事愈演愈烈今日又网传饶毅致舒红兵的一封信措辞严厉直怼舒红兵妻子主管的中科院武汉病毒所饶毅北大生命科学院院长以学术打假著称,-1
变了我妈就不发烧据说这个病最直接的作用情况是使部分工作的肺单位失活最直接的症状是气短和全身各处缺氧导致的乏力是血氧饱和度的指夹让我妈连着测了一两天发现的不对头所以说真的很刁钻,-1
网传饶毅致信舒红兵您夫人不适合领导武汉病毒所王延轶网页链接,0
饶毅致信舒红兵提出点理由建议其夫人辞去武汉病毒所所长职位网页链接,0
一场病毒啥都现原形了,-1
饶毅真是学术圈的纪律委员加生活委员,0
太难了感冒了一直咳嗽好担心自己发烧被当成肺炎仔细一想没去过武汉周围的人也没去过希望感冒早点好不然出去咳嗽一下都会被当成可怕的人吧,-1
关键这人没有发烧这是最恐怖的卧槽,0
武汉病毒所长王延轶是毕业于北大的学霸但饶毅认为其水平较差很明显饶毅教授是站在很高的学术层面来判断王女士的水平的也是站在武汉病毒所发展的高度来看待这些问题的网页链接,0
这老爹腿都直了女儿哭着喊救命我也在发烧啊真是锥心,-1
湖北太了老爹腿都瘫直了女儿喊着救命啊救命啊我也在发烧坐在大会堂里满脸横肉观赏团拜会喜迎新年的领导班子是人吗长点良心感受同情病人对死的惊慌惧怕行不行,-1
视频分半不长大家都看看家里自我隔离防范的意识真的很重要电梯病房等小空间都是特别容易感染的地方必须戴口罩,0
施一公校长饶毅其人其事手机新浪网施一公校长饶毅其人其事,0
经过这件事我们不仅要保护饶毅而且要做一个勇敢的人懦弱地流泪要付出沉重的代价,1
学术妲己前赴后继年当唯一病毒研究所所长专业资历成功哪一样匹配,0
穿着薄绒的睡衣在沙发上待着我爸你穿厚点我我不怕冷我爸你现在要是感冒发烧了我就把你赶出去我,0
还有这事,0
视频分半不长大家都看看家里自我隔离防范的意识真的很重要,0
武汉病毒研究所能干点正经事不阴谋论么饶毅的话能成真不,-1
经过这件事我们不仅要保护饶毅而且要做一个勇敢的人懦弱地流泪要付出沉重的代价,1
饶毅是谁三分钟回顾北大教授饶毅精彩演讲我和万人都在看邀你一起分享美好看见世界网页链接,0
饶毅先生年北京大学本科生毕业典礼致辞不敢祝愿每一位毕业生都成功都幸福因为历史不幸地记载着有人的成功代价是丧失良知有人的幸福代价是损害他人祝愿退休之日你觉得职业中的自己值得尊重迟暮之年你感到生活中的自己值得尊重,0
微博武汉肺炎看多了本来经常喉咙发炎引起发烧的我已经开始心慌慌愿全世界的人都健健康康遂宁射洪县,-1
你们这帮王八蛋请大家注意是月日申请专利,0
国家疾控首席专家的建议不要恐慌用不着囤太多还不如捐给需要的医护机构,0
这老爹腿都直了女儿哭着喊救命我也在发烧啊真是锥心,0
视频分半不长大家都看看家里自我隔离防范的意识真的很重要,0
首医大校长饶毅曾毕业于非医科大学落选院士却敢质疑权威对此你是如何看待的呢网页链接,0
我非常喜欢饶毅教授在年的北大毕业演讲字字珠玑的告诉大家确实有人卑鄙低劣但我们应该成为一个怎样的人这几天目睹和经历的风波下我更认识到了这点我相信拥有美好品质的人会走的更远并且爱拥有这些珍贵品质的这个小孩周震南,1
看起来不像真的不过饶毅辟谣也不是不辟谣也不是,0
多多绕弯,0
饶毅逮捕入选千人计划的美国教授是美国历史污点饶毅逮捕入选千人计划的美国教授是美国历史污点来自腾讯新闻,0
了解一下,0
大过年的我拉肚子我男朋友发烧这可真是太刺激了,-1
在电脑的接口上面插入一个酒瓶让电脑工作的时候也喝点酒绝对够新颖够创意不过这是一个酒瓶造型的盘由日本某著名酿酒企业设计开发引起了无数日本酒发烧友的浓厚兴趣在工作中无法饮酒也可对它望梅止渴,0
值得尊敬,1
屠呦呦屡落选舒某兵挤掉饶毅施一公中国院士到底硬核有几分网页链接,0
和武汉高校合作的美国科学院院士被捕饶毅发声谴责美国政府教授被捕的重要原因是和中国科研机构有合作关系同时也曾经是武汉理工大学国家千人计划教授网页链接,0
网传饶毅致信舒红兵您夫人不适合领导武汉病毒所王延轶学术界开始反思了看样子是的还是极认真的从抄报武汉病毒所所长与中科院院长这点看就是毫不隐晦的面的面谈了网页链接,0
如何评价不再参选中科院院士的饶毅而外界可能知道的比较多的则是饶毅在年的时候因为评选院士第一轮落选然后宣布永远不再参加中国科学院院士的评选网页链接,0
首医大校长饶毅曾毕业于非医科大学落选院士却敢质疑权威对此你是如何看待的呢网页链接,0
喝着茶刷疫情微博一下忽冷忽热的又神经衰弱脑壳疼怀疑自己发烧量了体温但愿只是心理作用吧,-1
希望平安只是普通的发烧,0
摆脱拜托各位大爷大婶大叔大娘不要发烧不要抢救我带你们一起看哥哥哈你们就都好啦,0
一边看春晚一边看武汉一线医护人员的崩溃时刻多么分裂和魔幻的鼠年除夕夜小时候的很多事都记不清但年非典的印象却很深刻一个是集体不上课在家看空中课堂每天量体温另一个是那时不满岁的弟弟发烧诊所都不看诊只能在家物理降温用各种土办法虽然非典过去年了但对未知展开全文,0
保护我放输出,0
回复调查记者与评论员晒个不要脸的方粉你家方舟子关注韩寒关注施一公关注饶毅都是乖乖的可惜你还得乖乖的关注着方,-1
考研大师因为报道上海药物所武汉病毒所联合发现中成药双黄连口服液可抑制新型冠状病毒称中国科学武汉病毒所长王延轶是毕业于北大的学霸但饶毅认为其水平较差网页链接,0
治好了例看情况尽早治疗才是摆脱疫情的办法有发烧状况的人尽快到医院确诊及时治疗早日摆脱病魔消灭疫情,1
这么久了一直想发个啥又感觉发啥都不太合适过年了单位取消放假正常上班虽然不在一线真正的也做不了太多能做的就是好好上班不添乱也努力给周围的朋友亲属普及宅在家里戴口罩勤洗手不要恐慌有疫区来的或与疫区的人接触过的一定要在家观察有发展开全文,1
咳了两天大晚上的开始发烧把我妈吓的不轻然后我弟带我去看医生春晚没看安生没熬年也真的算是喜提本命年了希望明天的我是生龙活虎的我新的一年里平安健康就好啦,1
饶毅说的哪里不对了那个刘炎炎脑子浆糊一样窦文涛也稀里糊涂的和稀泥孤立主义保护主意种族主意明明都是贬义词这结论不就很清楚了吗,0
全国人民都在普天同庆湖北人却在害怕中煎熬我真的很怕了早上开始发烧嗓子不舒服因为前段时间出差武汉过当医生的亲朋要我一定去做检查下午吓得发抖开车去医院我第一次在医院门口这么害怕万幸肺部一切安好只是普通感冒回家后把所有衣服都脱在走廊从门口穿着秋衣秋裤直接展开全文,-1
屠呦呦屡落选舒某兵挤掉饶毅施一公中国院士到底硬核有几分二郎神探案原创文章转载请注明出处欢迎关注分享点赞评论网页链接,0
我感冒还在尾声有一点点咳嗽我妈说了我要是发烧了她马上就打电话举报我我看行说明我贯彻到位了,0
支持饶毅,0
题我才能好帮你们占卜哦收起查看大图向左旋转向右旋转收藏转发评论平台欢迎查阅酷酷的小笛评论同时转发到我的微博按热度按时间还没有热门评论哪条评论给力快去赞一下吧相关推荐刷新关注新民周刊月日展开全文,0
一个大博士眼中的真实饶校长首都医科大学校长饶毅因为前期和舒兵的院士之争以及这两天的实名举报迅速成为最热网红那么朝夕相处的学子们对他又作何评价呢整理了点学术会议上敢和华大硬刚说华大浪费国家经费骑着山地车到楼下再扛到实验室里展开全文,0
还有啊我感冒一直咳嗽我爸妈还有我哥一直追着问我发烧了没有我怀疑大过年的他们想把我隔离,-1
饶毅炮击舒红兵建议您夫人辞掉武汉病毒所所长饶毅炮击舒红兵建议您夫人辞掉武汉病毒所所长,0
梵呗清音原创梵呗清音对于饶毅来说他可能最想对网友说不如相忘于江湖吧饶毅不是一追逐名利之人但落选院士却敢质疑权威饶毅什么来头网页链接,0
本湖北人今晚痛哭流涕你们根本不知道武汉到底有多严重今日之内全省各市基本封锁了路上一个人也没有没有任何公共交通工具了所有公共场所关闭医疗工作者全员加班病毒试剂根本不够用朋友的爸爸确诊感染身为护士的姐姐在发热门诊轮班今晚开始发烧一切都还只是开始,-1
舒红兵中科院,0
我也迷茫了所有报道都在说可以得到控制包括新闻数据都是只有几例可是我们老家好多武汉务工回来过年的我知道的就隔壁就三家十几个人今天听我妈讲隔壁村一家三口武汉卖藕的发烧确诊了新闻也没报道我吓的初二都不敢回家了希望大家都看一下这个视频,0
渍渍渍果然学术界的瓜永远都这么劲爆所以这次能不能一起呢期待吃瓜中,0
确实不合常理饶毅有个性,0
确实不合常理饶毅有个性,0
北大教授饶毅发表最短毕业演讲分秒次满场掌声此视频已有万次播放快来一起看看网页链接,0
我分享了饶毅我们尚未向世界证明中华民族是一个有智慧的民族快来看吧饶毅我们尚未向世界证明中华民族是一个有智慧的民族,0
屠呦呦屡落选舒某兵挤掉饶毅施一公兽医高福逆袭中国院士到底硬核有几分浏览器网页链接南阳唐河县,0
今天睡前也要祈福还有两天撑住啊希望明早起床的时候是自己起来的并且没有发烧好了晚安内心有一万个对不起,1
坐标河南濮阳都封村了不让串门走亲戚了邻乡有个村有户武汉务工回家的也没有发烧等迹象但因为对这户的监管流于形式村支书被撤了评论配图,0
今天美国军舰没到南沙来以前大年初一肯定来的得表扬一下美国海军中国在感冒发烧流鼻涕美国海军也感同身受,0
我都不知道我刚吃了两碗什么东西好丑好好吃来了漂亮可爱的小姑娘太激发人保护欲了哈哈哈哈哈哈哈突然出现发烧同志给大家量了一圈体温形势有点,0
学术圈大地震北京大学生命科学学院院长饶毅实名举报阿尔兹海默症论文作者造假阿尔兹海默症论文被实名举报造假网页链接,0
一定能康复加油老爸看了贴子保护饶毅很早就听过饶公大名直到这篇文章对我的震撼如五岳压顶我只能词穷的说一句我哥们太牛了世间竟真有这样的人从此我的偶像又多了一个仨了我的能力比人家差了个数量级改变不了中国什么了但做人做事上我要做饶公这样的人展开全文,1
我打喷嚏嗓子疼感觉有点发烧但是我没有去过武汉也没出门啊好害怕,-1
造谣的人为什么这么可恶因为你的造谣让很多无辜的人恐慌本来就是普通的感冒发烧恐慌了他硬要去医院检查结果好好的没被感染的人被交叉感染这就是前天昨天发生在武汉的事情造谣害命,-1
另一种声音饶毅中国未来与科学的隐患饶毅中国未来与科学的隐患,0
所以都来玩海猫吧其实是腹泻不是发烧现在不发烧也有可能感染请大家注意,0
视频分半不长大家都看看家里自我隔离防范的意识真的很重要电梯病房等小空间都是特别容易感染的地方必须戴口,0
想到的时候我们天天喝中药预防一整个化学学院弥漫着中药气息没一个人感冒发烧真的是可以啊,0
上吐下泻还有麦粒肿就是我新年第一天生病我妈还安慰我起码不是发烧我再吃多我就一脑子撞墙上,-1
杭州官方今天确认新加坡酷航新加坡杭州航班上两名旅客确认患新型冠状病毒肺炎已确诊其中一人在入境时发烧另一人入境时未发烧仅咽痛,0
最想看到的手势名被感染医护人员病毒核酸转阴隔玻璃比武汉华科同济医学院协和医院名医护人员经过治疗初步检测结果显示新型冠状病毒核酸检测已转阴临床症状得到控制一名医护人员视频通话报了平安不发烧了精神很好隔着隔离室的玻璃比了手势展开全文,1
杭州官方今天确认新加坡酷航新加坡杭州航班上两名旅客确认患新型冠状病毒肺炎已确诊其中一人在入境时发烧另一人入境时未发烧仅咽痛,0
今天的下午茶是自己从杭州背回来的糕点和楼下邻居表姐送的奶这两天有一点点点点点感冒但还好没有发烧晚上吃了药就早点睡吧把免疫力睡回来武汉,0
完了完了完了我发烧了怎么办啊完了完了完了我好慌,-1
就算是国难当头也不能为所欲为的去曝光公民的信息这是一不能不知真相事实就去网暴道德绑架别人这是二共勉错的不是武汉人最早错的是那些吃野味的其次是那些明明发烧得了病还瞎几把跑的人都善良一点积点德吧不要再做缺德事了都是天朝子民坑自己国人算个球,0
真他妈瘟疫公司赶脚啊杭州官方今天确认新加坡酷航新加坡杭州航班上两名旅客确认患新型冠状病毒肺炎已确诊其中一人在入境时发烧另一人入境时未发烧仅咽痛,-1
网传饶毅致信舒红兵别让你老婆做武汉病毒所所长了网页链接,0
发烧了远离我大家做好预防此微博做个记录灵武市,0
我咳嗽了又发烧了我没了,-1
微博上看到难得中肯的评论了感冒咳嗽的我没发烧,0
谁为同机的那多个无辜的浙江人负责啊万一真的被传染了怎么办杭州官方今天确认新加坡酷航新加坡杭州航班上两名旅客确认患新型冠状病毒肺炎已确诊其中一人在入境时发烧另一人入境时未发烧仅咽痛,-1
杭州官方今天确认新加坡酷航新加坡杭州航班上两名旅客确认患新型冠状病毒肺炎已确诊其中一人在入境时发烧另一人入境时未发烧仅咽痛,0
杭州你为什么总是冲在最前面杭州圈子今天年的第一个月还剩最后一周了但这一个月却是让全中国人最揪心的一个月好像前两周才经历的跨年的热闹和各大公司的年会的喜庆忽然一下子我们就迎来了最艰难的一个春节这个春节也很特别我们教爸妈戴口罩阻止亲戚串门还不停的关注着展开全文,0
杭州官方今天确认新加坡酷航新加坡杭州航班上两名旅客确认患新型冠状病毒肺炎已确诊其中一人在入境时发烧另一人入境时未发烧仅咽痛,0
小曾是个彻底退化了的南方人了在家把自己给冻感冒了好可怕我不要发烧,-1
初二幼儿急疹继续今天精神状态好很多虽然还发烧但是有精神玩儿了依然不吃东西有点拉肚子爸爸抱着称体重还是斤可是都觉得轻了,-1
这个祸害明知道自己同行人发烧还反咬别人一口说自己同胞拒绝和他们武汉人一起乘坐飞机是南航是为你们个人包了专机运你们回国那是因为你们偷吃退烧药躲过了日本的红外线被嘲了难道留你们在国外继续丢人现眼吗你们考虑过别人的感受吗你的脸呢说的好这些人没有一点责展开全文,-1
我围观了鲍秀兰诊室的回答该问题价值元围观仅元快来一起围观微博问答,0
为贯彻落实中央省委市委关于新型冠状病毒感染的肺炎疫情防控措施加强疫情防控工作有效减少人员聚集阻断疫情传播更好保障全市人民群众生命安全和身体健康我们发出如下倡议一婚事不办丧事简办在新型冠状病毒感染的肺炎疫情防控期间有结婚宴请活动的不办有丧事的一律从简展开全文,0
透过疫情谈行政官僚的专业背景与任职网传不知真假饶毅致信舒红兵建议武汉病毒研究所所长王延轶主动辞职理由列举有三其中之一王延轶的专业是细胞生物学而武汉病毒所的研究核心是病毒王延轶以细胞生物学专业延伸任职官至任病毒所所长同理高蝠由畜牧兽医专业延伸官至中国疾病预展开全文,0
路遇夫妻俩抱着幼小孙女行色匆匆边走边焦急打电话似乎是孙女发烧求医而孙女并未戴口罩,0
哭了我过年天天家里蹲你重灾区人民世界各地旅游回国发烧了还吃退烧药跟其他地方的人打包回来您个憨批东西江浙沪太倒霉了国外好玩嘛无辜被你们感染的血馒头好吃嘛,0
选择题你女朋友现在发烧度你应该卧槽牛逼拍温度计发朋友圈多喝点热水拿她脑门儿烤地瓜打举报她去隔离无锡,0
我感觉我太紧张了明明没有接触过什么可疑的人但是因为最近发烧了现在感觉各种不舒服,-1
大嘎好最近发烧咳嗽还没确诊不过也怪不舒服的病好以后再出现请大家注意身体过年好,0
这封信不光发给舒红兵还要给武汉病毒所还要给中国科学院消息一出石破天惊有人怒赞言辞犀利写信者真狠有人说自不量力写信者真蠢这封信的落款写的是饶毅而两月前引发舆论大地震的举报三位宗师级人物涉嫌论文造假的信草稿就是饶毅写的,0
挖坟年评选科学院院士关于饶毅落选的评论评论饶毅落选也许没什么了不起只不过基础生物组排名第一的是武大的舒红兵年才全职同样都是百万年薪院长仅仅早回来两年不论是归国前的地位舒为副教授饶是讲席正教授还是归国后的工作舒仅有两篇网页链接,0
我也在咳嗽不过不发烧不乏力食欲正常感冒十天了还不好抗生素吃了两种了我也要加油啊不敢去医院估计是上呼吸道感染或者基础性肺炎,0
湖北佬不是白叫的左右正常起飞目前已经安全落地,0
无语了原来住我家的亲戚不仅感冒还发烧了我所以到底为什么不回新家住一定要赖在这,-1
本来计划好一个完美的新年被病毒给了然后就想着呆家里好好的陪娃过下蜗居的生活结果娃从大年初一开始一直发烧真的应了那句计划赶不上变化快现在只想家人健康平安关键时刻陪着你的永远是爱你的亲人有吵有闹只要宝贝好起来了我们依然有说有笑谁说吵架不好呢吵不散的感情才展开全文,-1
这个节骨眼感冒发烧我好怕怕呀,-1
是从什么时候明白健康的重要性呢就是在南昌的这个学期一开始发烧只觉得很正常因为我一直很容易发烧到后来几乎每周都会发烧我开始感到恐惧再加上孤身在外求学的孤独几近崩溃然后明白了在生命面前所有的名利外在都黯淡无光要用力的活着啊生命太脆弱了,-1
我发烧了,0
高福本科毕业于本施一公毕业于清华饶毅毕业于了解吗对此你是如何看待的呢网页链接,0
好消息月日武汉市肺科医院名新冠肺炎患者经治疗后康复出院其中一位岁婆婆入院时身体虚弱发烧度除新冠病毒感染的肺炎外还合并有其他细菌感染的肺炎基础病较多月日入院经过多日治疗均连续天未发烧连续次间隔小时展开全文,1
新型冠状病毒科普知识咳嗽发烧扛一扛国家卫生健康委告诉你正确做法网页链接,0
在入城关口这堵了一个多小时了检查过往车辆人员感冒发烧情况实在忍不住下车看看前方并没太长的队伍不明白为什么需要这么长的时间抑郁心情也被堵坏了到这里就是这次行程的终点不想再往前开了这次出行带着多重复杂的心情本以为出来溜一圈会平复和适应结果现在一点作用没起到展开全文,-1
他放弃国外高薪待遇回国力压施一公当选院士现因妻子备受争议在年舒红兵力压当时风头正盛的施一公与饶毅成功当院院士网页链接,0
众志成城抗疫情望谟防疫情知识苗语版来男近期新型冠状病毒疫情牵动每一个人为了防治疫情我们一同面对抗击疫情女各位观众请听好这些预防知识要记牢武汉返乡别乱跑主动隔离很重要男不串门不办酒亲戚朋友也别走展开全文,0
红兵才是社会主义真正需要的学者他懂得讲政治,0
表示无语全国都为了你们家里蹲只求大家不出门控制疫情你们那群人有发烧吃退烧药的怪上海人吗隔离病毒不隔离爱但是你要是道德绑架我们真的爱不起了,-1
屠呦呦落选兽医高福逆袭舒某兵挤掉饶毅施一公中国院士到底有几分硬核对学术腐败裙带关系的直言屠呦呦落选兽医高福逆袭舒某兵挤掉饶毅施一公中国院士到底有几分硬核,0
云之的飞行记录虹湘阪宁这几天日子过的恍恍惚惚睡前最后一件事看疫情地图起床第一件事看疫情地图太揪心了每天手机里截图各种消息发给爸妈就为了让他们更加重视现在是即使有休息期也不敢回家了我天天在春运一线在密闭的飞机空间里接触着天南地北来的人战战展开全文,-1
施一公先生对饶毅的评价饶毅是忧国忧民的科学大家光明磊落的正人君子犀利耿直的现代鲁迅我行我素的半老顽童无论你是否喜欢他他都在用自己的方式启蒙中国社会也注定留下重要影响,0
公众对陈全姣实名举报不感兴趣之前饶毅已经发声我们更想知道的是美女所长的回应不要拿别人当挡箭牌这王延轶究竟是何方神圣既然病毒所站出来了夫妻肺骗即将浮出水面热搜预订石正丽武小华饶毅建议武汉病毒所长辞职王延轶舒红兵他们越是想要掩盖前路离真相,0
孩子发烧感冒只需按两下可惜很多人不知道大家以后肯定都会有小宝宝转发分享秒拍视频,0
他年保送到清华与高福同年当选为院士外界评价却天差地别在年后的年和后续的年份中我们确实看到再也没有出现饶毅的名字很多人认为饶毅的学术水平很高让人感到十分的可惜网页链接,0
公众对陈全姣实名举报不感兴趣之前饶毅已经发声我们更想知道的是美女所长的回应不要拿别人当挡箭牌这王延轶究竟是何方神圣既然病毒所站出来了夫妻肺骗即将浮出水面热搜预订石正丽武小华饶毅建议武汉病毒所长辞职王延轶舒红兵他们越是想要掩盖前路离真相越,0
突然发烧去医院抽血化验也知道应该问题不大大概是心理原因这次去医院的路感觉格外长所幸一切都还好谢谢你对我那么好惟愿一切平安,1
每天都能听到你这里不舒服那里不舒服你上火了你感冒了你这了那了你能不能收住你这些言论我去年发烧我也没去给任何人一直说我不舒服还总说失眠你失眠你没事睡到中午才醒你有什么误解吧,-1
李文亮之后有人说了这些话价值线传媒天前李文亮医生生前因提前一个月预警武汉特大疫情被亿万网民誉为第一吹哨人近日又有智者勇敢发声质疑中科院武汉病毒所所长王某某的学术水平明确要求其辞职发声的人疑似北大生命科学前院长现任首都医科大学校长饶毅他致信武展开全文,0
非常时期累冷冻感冒了没有发烧包着超厚的棉袄裹成圆形但仍然冷的全身鸡皮疙瘩冷的缩在椅子上不想动上楼进房间睡觉看到老弟帮我换了更厚的珊瑚绒被套弄好枕头折好被子整个床弄的整整齐齐心里突然有了一丝欣慰,0
我是什么傻子煮泡面能把头发烧着心疼我本来就少的头发,0
在网上看到一篇奇文屠呦呦落选兽医高福逆袭舒某兵挤掉饶毅施一公中国院士到底有几分硬核也没有作者名字发表我的一些看法现阶段就是要全国上下一致团结一心抗击新冠病毒提高人们的信心恢复生产而不是要夸大科学家之间的个人恩怨编造一些谎言挑拨离间就好比这展开全文,0
社区医院连个发烧都看不了要你何用,-1
这些年雷打不动的特征只要感冒就发烧晚上烧白天好连烧三天第四天不治自愈我妈说我小时候就这样还好不咳嗽否则恐怕要被隔离了都问这场疫情过后你想见谁我不想见谁我就想出去走走看看世界我想工作以前睡觉之前想着明天早餐吃什么现在想的是明天干点啥呢啥也不能干开学延迟这真是一个展开全文,-1
网传广汉榕树花园小区因武汉返乡人员发烧而被村民砸家谣言,0
经过武汉这次事件你才会发现国内有多少恐怖的人回收二手口罩只为能借这次病机发财明明发烧怕回不了国偷吃退烧药并在微博发声装弱势截获客户快速还不知廉耻发朋友圈问你你以为你的快递能到你手上吗到医院救治怕医院不接收明知会传染还横跨几个区逃跑这个年刷到这些微博心展开全文,-1
我叫武汉这是我的故事年初我开始发烧干咳医生说我病了得了肺炎病情很严重一组手绘漫画描绘了湖北武汉新型冠性肺炎病毒的问题太感动了李老师说电影剪辑手爱德华的微博视频,0
这个群是每天回复最高频的群什么时候叫这个群名字我不记得了只记得当时我问为什么叫同事说不稳定不确定复杂模糊这是一个变化莫测的时代这个假期应该是史上最沉寂最焦躁的朋友今天和我说下午情绪才缓过来点是的我最近也低落这样的大环境几年未见的感冒发展开全文,0
音箱测爱情情结音响这东西向来是发烧友的专利品如果你从来没有购买过一套属于自己的音响组合而又希望在短期内添置一套你会选下列哪一款音响呢较小型的床头音响较大型的音响组合手提音响组合将小喇叭接上随身听解析如图,0
我叫武汉这是我的故事年初我开始发烧干咳医生说我病了得了肺炎病情很严重一组手绘漫画描绘了湖北武汉新型冠性肺炎病毒的问题太感动了李老师说电影剪辑手爱德华的微博视频,0
求助求助家住江汉区复兴村时尚公寓父母持续发烧天最近多日持续度腹泻食欲不振胸闷气喘对口武汉中心医院确诊病毒肺炎没有床位无法入院现已在家卧床不起社区街道市长热线都已联系没能解决自己已照顾父母天也开始有相关症状紧急求助联系电话展开全文,-1
拔火罐到底是医生的柳叶刀还是死神的镰刀深入内部拍摄中国女人迷恋的乳房按摩到底有多可怕,0
冲上热搜柳叶刀首次全中文刊发这封中国医生的查看网页链接导读平实的语言父子两代医生的隔空喊话年的成长与思考近日一则,0
发烧后又开始顽皮啦啦颜小豆的微博视频,0
我叫武汉这是我的故事年初我开始发烧干咳医生说我病了得了肺炎病情很严重这组漫画描绘了湖北武汉新型冠性肺炎病毒的问题令人感动一句冷幽默的微博视频,0
发烧了不隔离还道德绑架我呸我就是被骂的上海人之一这群武汉人在机场偷偷量体温吃退烧药请问我们不愿意登机有错吗,-1
